<?xml version="1.0" encoding="utf-8"?>
<extension version="3.0" type="component" method="upgrade">
    <name>com_jomres</name>
    <author>Vince Wooll</author>
    <creationDate>October 2016</creationDate>
    <copyright>Copyright (C) 2005-2017 Vince Wooll. All rights reserved.</copyright>
    <license>GPL2 and MIT</license>
    <authorEmail>sales@jomres.net</authorEmail>
    <authorUrl>https://www.jomres.net</authorUrl>
    <version>9.9.5</version>
    <description>Jomres - Complete Online Booking and Property Management Solution</description>
	
	<scriptfile>script.php</scriptfile>
	
	<files folder="site">
		<filename>jomres.php</filename>
		<filename>router.php</filename>
		<filename>jomres_webinstall.php</filename>
		<folder>views</folder>
    </files>

	<administration>
		<menu view="default" img="jomres/images/jrhouse.png">COM_JOMRES</menu>
		
		<files folder="admin">
			<filename>jomres.php</filename>
			<folder>language</folder>
		</files>
		
		<languages folder="admin">
			<language tag="en-GB">language/en-GB/en-GB.com_jomres.sys.ini</language>
		</languages>
	</administration>
	
	<updateservers>
        <server type="extension" name="Jomres Update">http://updates.jomres4.net/jomres_updates.xml</server>
    </updateservers>
</extension>
